<?xml version="1.0" encoding="UTF-8"?>
<project-private xmlns="http://www.netbeans.org/ns/project-private/1">
    <editor-bookmarks xmlns="http://www.netbeans.org/ns/editor-bookmarks/2" lastBookmarkId="0"/>
    <open-files xmlns="http://www.netbeans.org/ns/projectui-open-files/2">
        <group>
            <file>file:/E:/Mon_LTCBVJV/JavaCuoiKy_40/KetNoiDB/src/ketnoidb/InterfaceUser.java</file>
            <file>file:/E:/Mon_LTCBVJV/JavaCuoiKy_40/KetNoiDB/src/ketnoidb/EmailSender.java</file>
            <file>file:/E:/Mon_LTCBVJV/JavaCuoiKy_40/KetNoiDB/src/ketnoidb/LoaiThietBi.java</file>
            <file>file:/E:/Mon_LTCBVJV/JavaCuoiKy_40/KetNoiDB/src/ketnoidb/KetNoiDB.java</file>
            <file>file:/E:/Mon_LTCBVJV/JavaCuoiKy_40/KetNoiDB/src/ketnoidb/InterfaceAdmin.java</file>
            <file>file:/E:/Mon_LTCBVJV/JavaCuoiKy_40/KetNoiDB/src/ketnoidb/Update.java</file>
            <file>file:/E:/Mon_LTCBVJV/JavaCuoiKy_40/KetNoiDB/src/ketnoidb/DataController.java</file>
            <file>file:/E:/Mon_LTCBVJV/JavaCuoiKy_40/KetNoiDB/src/ketnoidb/ThietBi.java</file>
            <file>file:/E:/Mon_LTCBVJV/JavaCuoiKy_40/KetNoiDB/src/ketnoidb/Ping.java</file>
            <file>file:/E:/Mon_LTCBVJV/JavaCuoiKy_40/KetNoiDB/src/ketnoidb/Add.java</file>
        </group>
    </open-files>
</project-private>
