<?xml version="1.0" encoding="UTF-8"?>
<project-private xmlns="http://www.netbeans.org/ns/project-private/1">
    <editor-bookmarks xmlns="http://www.netbeans.org/ns/editor-bookmarks/2" lastBookmarkId="0"/>
    <open-files xmlns="http://www.netbeans.org/ns/projectui-open-files/2">
        <group>
            <file>file:/E:/Mon_LTCBVJV/JavaCuoiKy_40/QLThietBiMang/QuanLyThietBiMang/src/quanlythietbimang/fCauHinhMail.java</file>
            <file>file:/E:/Mon_LTCBVJV/JavaCuoiKy_40/QLThietBiMang/QuanLyThietBiMang/src/quanlythietbimang/fMain.java</file>
            <file>file:/E:/Mon_LTCBVJV/JavaCuoiKy_40/QLThietBiMang/QuanLyThietBiMang/src/quanlythietbimang/BoNhoTam.java</file>
            <file>file:/E:/Mon_LTCBVJV/JavaCuoiKy_40/QLThietBiMang/QuanLyThietBiMang/src/quanlythietbimang/KetNoiSQL.java</file>
            <file>file:/E:/Mon_LTCBVJV/JavaCuoiKy_40/QLThietBiMang/QuanLyThietBiMang/src/quanlythietbimang/fLogin.java</file>
            <file>file:/E:/Mon_LTCBVJV/JavaCuoiKy_40/QLThietBiMang/QuanLyThietBiMang/src/quanlythietbimang/TaiKhoan.java</file>
        </group>
    </open-files>
</project-private>
